timestamp,quantidade,id_lote,received_amount,expiration_date,received_at,id_medicamento,medicine_type
2022-04-03,15000,1,15000,2022-10-30,2022-04-03,1,Critical
2022-04-10,14409,1,15000,2022-10-30,2022-04-03,1,Critical
2022-04-17,13795,1,15000,2022-10-30,2022-04-03,1,Critical
2022-04-24,13020,1,15000,2022-10-30,2022-04-03,1,Critical
2022-05-01,12247,1,15000,2022-10-30,2022-04-03,1,Critical
2022-05-08,11639,1,15000,2022-10-30,2022-04-03,1,Critical
2022-05-15,10982,1,15000,2022-10-30,2022-04-03,1,Critical
2022-05-22,10331,1,15000,2022-10-30,2022-04-03,1,Critical
2022-05-29,9633,1,15000,2022-10-30,2022-04-03,1,Critical
2022-06-05,8913,1,15000,2022-10-30,2022-04-03,1,Critical
2022-06-12,8293,1,15000,2022-10-30,2022-04-03,1,Critical
2022-06-19,7526,1,15000,2022-10-30,2022-04-03,1,Critical
2022-06-26,6891,1,15000,2022-10-30,2022-04-03,1,Critical
2022-07-03,6229,1,15000,2022-10-30,2022-04-03,1,Critical
2022-07-10,5513,1,15000,2022-10-30,2022-04-03,1,Critical
2022-07-17,4578,1,15000,2022-10-30,2022-04-03,1,Critical
2022-07-24,3862,1,15000,2022-10-30,2022-04-03,1,Critical
2022-07-31,3203,1,15000,2022-10-30,2022-04-03,1,Critical
2022-08-07,2474,1,15000,2022-10-30,2022-04-03,1,Critical
2022-08-14,1959,1,15000,2022-10-30,2022-04-03,1,Critical
2022-08-21,1410,1,15000,2022-10-30,2022-04-03,1,Critical
2022-08-28,795,1,15000,2022-10-30,2022-04-03,1,Critical
2022-09-04,216,1,15000,2022-10-30,2022-04-03,1,Critical
2022-07-31,10938,2,10938,2023-02-26,2022-07-31,1,Critical
2022-08-07,10897,2,10938,2023-02-26,2022-07-31,1,Critical
2022-08-14,10842,2,10938,2023-02-26,2022-07-31,1,Critical
2022-08-21,10759,2,10938,2023-02-26,2022-07-31,1,Critical
2022-08-28,10641,2,10938,2023-02-26,2022-07-31,1,Critical
2022-09-04,10509,2,10938,2023-02-26,2022-07-31,1,Critical
2022-09-11,10372,2,10938,2023-02-26,2022-07-31,1,Critical
2022-09-18,10232,2,10938,2023-02-26,2022-07-31,1,Critical
2022-09-25,10067,2,10938,2023-02-26,2022-07-31,1,Critical
2022-10-02,9897,2,10938,2023-02-26,2022-07-31,1,Critical
2022-10-09,9751,2,10938,2023-02-26,2022-07-31,1,Critical
2022-10-16,9558,2,10938,2023-02-26,2022-07-31,1,Critical
2022-10-23,9444,2,10938,2023-02-26,2022-07-31,1,Critical
2022-10-30,9015,2,10938,2023-02-26,2022-07-31,1,Critical
2022-11-06,8669,2,10938,2023-02-26,2022-07-31,1,Critical
2022-11-13,8333,2,10938,2023-02-26,2022-07-31,1,Critical
2022-11-20,7837,2,10938,2023-02-26,2022-07-31,1,Critical
2022-11-27,7400,2,10938,2023-02-26,2022-07-31,1,Critical
2022-12-04,6709,2,10938,2023-02-26,2022-07-31,1,Critical
2022-12-11,6245,2,10938,2023-02-26,2022-07-31,1,Critical
2022-12-18,5645,2,10938,2023-02-26,2022-07-31,1,Critical
2022-12-25,5157,2,10938,2023-02-26,2022-07-31,1,Critical
2023-01-01,4756,2,10938,2023-02-26,2022-07-31,1,Critical
2023-01-08,4460,2,10938,2023-02-26,2022-07-31,1,Critical
2023-01-15,4234,2,10938,2023-02-26,2022-07-31,1,Critical
2023-01-22,3808,2,10938,2023-02-26,2022-07-31,1,Critical
2023-01-29,3365,2,10938,2023-02-26,2022-07-31,1,Critical
2023-02-05,3050,2,10938,2023-02-26,2022-07-31,1,Critical
2023-02-12,2619,2,10938,2023-02-26,2022-07-31,1,Critical
2023-02-19,2305,2,10938,2023-02-26,2022-07-31,1,Critical
2023-01-22,13298,3,13298,2023-08-20,2023-01-22,1,Critical
2023-01-29,13280,3,13298,2023-08-20,2023-01-22,1,Critical
2023-02-05,13256,3,13298,2023-08-20,2023-01-22,1,Critical
2023-02-12,13209,3,13298,2023-08-20,2023-01-22,1,Critical
2023-02-19,13165,3,13298,2023-08-20,2023-01-22,1,Critical
2023-02-26,12676,3,13298,2023-08-20,2023-01-22,1,Critical
2023-03-05,12178,3,13298,2023-08-20,2023-01-22,1,Critical
2023-03-12,11722,3,13298,2023-08-20,2023-01-22,1,Critical
2023-03-19,11340,3,13298,2023-08-20,2023-01-22,1,Critical
2023-03-26,10759,3,13298,2023-08-20,2023-01-22,1,Critical
2023-04-02,10179,3,13298,2023-08-20,2023-01-22,1,Critical
2023-04-09,9732,3,13298,2023-08-20,2023-01-22,1,Critical
2023-04-16,9075,3,13298,2023-08-20,2023-01-22,1,Critical
2023-04-23,8467,3,13298,2023-08-20,2023-01-22,1,Critical
2023-04-30,7942,3,13298,2023-08-20,2023-01-22,1,Critical
2023-05-07,7167,3,13298,2023-08-20,2023-01-22,1,Critical
2023-05-14,6508,3,13298,2023-08-20,2023-01-22,1,Critical
2023-05-21,5740,3,13298,2023-08-20,2023-01-22,1,Critical
2023-05-28,4893,3,13298,2023-08-20,2023-01-22,1,Critical
2023-06-04,4311,3,13298,2023-08-20,2023-01-22,1,Critical
2023-06-11,3675,3,13298,2023-08-20,2023-01-22,1,Critical
2023-06-18,2915,3,13298,2023-08-20,2023-01-22,1,Critical
2023-06-25,2319,3,13298,2023-08-20,2023-01-22,1,Critical
2023-07-02,1658,3,13298,2023-08-20,2023-01-22,1,Critical
2023-07-09,853,3,13298,2023-08-20,2023-01-22,1,Critical
2023-07-16,78,3,13298,2023-08-20,2023-01-22,1,Critical
2023-06-11,12129,4,12129,2024-01-07,2023-06-11,1,Critical
2023-06-18,12092,4,12129,2024-01-07,2023-06-11,1,Critical
2023-06-25,12037,4,12129,2024-01-07,2023-06-11,1,Critical
2023-07-02,11950,4,12129,2024-01-07,2023-06-11,1,Critical
2023-07-09,11815,4,12129,2024-01-07,2023-06-11,1,Critical
2023-07-16,11660,4,12129,2024-01-07,2023-06-11,1,Critical
2023-07-23,11506,4,12129,2024-01-07,2023-06-11,1,Critical
2023-07-30,11381,4,12129,2024-01-07,2023-06-11,1,Critical
2023-08-06,11242,4,12129,2024-01-07,2023-06-11,1,Critical
2023-08-13,11066,4,12129,2024-01-07,2023-06-11,1,Critical
2023-08-20,10415,4,12129,2024-01-07,2023-06-11,1,Critical
2023-08-27,9887,4,12129,2024-01-07,2023-06-11,1,Critical
2023-09-03,9111,4,12129,2024-01-07,2023-06-11,1,Critical
2023-09-10,8502,4,12129,2024-01-07,2023-06-11,1,Critical
2023-09-17,7944,4,12129,2024-01-07,2023-06-11,1,Critical
2023-09-24,7512,4,12129,2024-01-07,2023-06-11,1,Critical
2023-10-01,6942,4,12129,2024-01-07,2023-06-11,1,Critical
2023-10-08,6185,4,12129,2024-01-07,2023-06-11,1,Critical
2023-10-15,5776,4,12129,2024-01-07,2023-06-11,1,Critical
2023-10-22,5322,4,12129,2024-01-07,2023-06-11,1,Critical
2023-10-29,4801,4,12129,2024-01-07,2023-06-11,1,Critical
2023-11-05,4370,4,12129,2024-01-07,2023-06-11,1,Critical
2023-11-12,4085,4,12129,2024-01-07,2023-06-11,1,Critical
2023-11-19,3717,4,12129,2024-01-07,2023-06-11,1,Critical
2023-11-26,3361,4,12129,2024-01-07,2023-06-11,1,Critical
2023-12-03,3050,4,12129,2024-01-07,2023-06-11,1,Critical
2023-12-10,2649,4,12129,2024-01-07,2023-06-11,1,Critical
2023-12-17,2276,4,12129,2024-01-07,2023-06-11,1,Critical
2023-12-24,1874,4,12129,2024-01-07,2023-06-11,1,Critical
2023-12-31,1666,4,12129,2024-01-07,2023-06-11,1,Critical
2023-12-03,14486,5,14486,2024-06-30,2023-12-03,1,Critical
2023-12-10,14470,5,14486,2024-06-30,2023-12-03,1,Critical
2023-12-17,14442,5,14486,2024-06-30,2023-12-03,1,Critical
2023-12-24,14398,5,14486,2024-06-30,2023-12-03,1,Critical
2023-12-31,14369,5,14486,2024-06-30,2023-12-03,1,Critical
2024-01-07,13913,5,14486,2024-06-30,2023-12-03,1,Critical
2024-01-14,13642,5,14486,2024-06-30,2023-12-03,1,Critical
2024-01-21,13251,5,14486,2024-06-30,2023-12-03,1,Critical
2024-01-28,12975,5,14486,2024-06-30,2023-12-03,1,Critical
2024-02-04,12275,5,14486,2024-06-30,2023-12-03,1,Critical
2024-02-11,11962,5,14486,2024-06-30,2023-12-03,1,Critical
2024-02-18,11516,5,14486,2024-06-30,2023-12-03,1,Critical
2024-02-25,11227,5,14486,2024-06-30,2023-12-03,1,Critical
2024-03-03,10723,5,14486,2024-06-30,2023-12-03,1,Critical
2024-03-10,9914,5,14486,2024-06-30,2023-12-03,1,Critical
2024-03-17,9390,5,14486,2024-06-30,2023-12-03,1,Critical
2024-03-24,8941,5,14486,2024-06-30,2023-12-03,1,Critical
2024-03-31,8440,5,14486,2024-06-30,2023-12-03,1,Critical
2024-04-07,7978,5,14486,2024-06-30,2023-12-03,1,Critical
2024-04-14,7313,5,14486,2024-06-30,2023-12-03,1,Critical
2024-04-21,6770,5,14486,2024-06-30,2023-12-03,1,Critical
2024-04-28,6235,5,14486,2024-06-30,2023-12-03,1,Critical
2024-05-05,5692,5,14486,2024-06-30,2023-12-03,1,Critical
2024-05-12,5126,5,14486,2024-06-30,2023-12-03,1,Critical
2024-05-19,4410,5,14486,2024-06-30,2023-12-03,1,Critical
2024-05-26,3694,5,14486,2024-06-30,2023-12-03,1,Critical
2024-06-02,2941,5,14486,2024-06-30,2023-12-03,1,Critical
2024-06-09,2194,5,14486,2024-06-30,2023-12-03,1,Critical
2024-06-16,1550,5,14486,2024-06-30,2023-12-03,1,Critical
2024-06-23,997,5,14486,2024-06-30,2023-12-03,1,Critical
2024-06-02,14187,6,14187,2024-12-29,2024-06-02,1,Critical
2024-06-09,14159,6,14187,2024-12-29,2024-06-02,1,Critical
2024-06-16,14113,6,14187,2024-12-29,2024-06-02,1,Critical
2024-06-23,14055,6,14187,2024-12-29,2024-06-02,1,Critical
2024-06-30,13434,6,14187,2024-12-29,2024-06-02,1,Critical
2024-07-07,12820,6,14187,2024-12-29,2024-06-02,1,Critical
2024-07-14,11854,6,14187,2024-12-29,2024-06-02,1,Critical
2024-07-21,11262,6,14187,2024-12-29,2024-06-02,1,Critical
2024-07-28,10455,6,14187,2024-12-29,2024-06-02,1,Critical
2024-08-04,9579,6,14187,2024-12-29,2024-06-02,1,Critical
2024-08-11,8933,6,14187,2024-12-29,2024-06-02,1,Critical
2024-08-18,8147,6,14187,2024-12-29,2024-06-02,1,Critical
2024-08-25,7372,6,14187,2024-12-29,2024-06-02,1,Critical
2024-09-01,6614,6,14187,2024-12-29,2024-06-02,1,Critical
2024-09-08,5910,6,14187,2024-12-29,2024-06-02,1,Critical
2024-09-15,5411,6,14187,2024-12-29,2024-06-02,1,Critical
2024-09-22,4874,6,14187,2024-12-29,2024-06-02,1,Critical
2024-09-29,4388,6,14187,2024-12-29,2024-06-02,1,Critical
2024-10-06,3992,6,14187,2024-12-29,2024-06-02,1,Critical
2024-10-13,3553,6,14187,2024-12-29,2024-06-02,1,Critical
2024-10-20,3019,6,14187,2024-12-29,2024-06-02,1,Critical
2024-10-27,2552,6,14187,2024-12-29,2024-06-02,1,Critical
2024-11-03,2019,6,14187,2024-12-29,2024-06-02,1,Critical
2024-11-10,1582,6,14187,2024-12-29,2024-06-02,1,Critical
2024-11-17,1147,6,14187,2024-12-29,2024-06-02,1,Critical
2024-11-24,798,6,14187,2024-12-29,2024-06-02,1,Critical
2024-12-01,396,6,14187,2024-12-29,2024-06-02,1,Critical
2024-12-08,75,6,14187,2024-12-29,2024-06-02,1,Critical
2024-11-10,10272,7,10272,2025-06-08,2024-11-10,1,Critical
2024-11-17,10253,7,10272,2025-06-08,2024-11-10,1,Critical
2024-11-24,10225,7,10272,2025-06-08,2024-11-10,1,Critical
2024-12-01,10178,7,10272,2025-06-08,2024-11-10,1,Critical
2024-12-08,10130,7,10272,2025-06-08,2024-11-10,1,Critical
2024-12-15,10085,7,10272,2025-06-08,2024-11-10,1,Critical
2024-12-22,9957,7,10272,2025-06-08,2024-11-10,1,Critical
2024-12-29,9548,7,10272,2025-06-08,2024-11-10,1,Critical
2025-01-05,8945,7,10272,2025-06-08,2024-11-10,1,Critical
2025-01-12,8597,7,10272,2025-06-08,2024-11-10,1,Critical
2025-01-19,8331,7,10272,2025-06-08,2024-11-10,1,Critical
2025-01-26,8069,7,10272,2025-06-08,2024-11-10,1,Critical
2025-02-02,7677,7,10272,2025-06-08,2024-11-10,1,Critical
2025-02-09,7344,7,10272,2025-06-08,2024-11-10,1,Critical
2025-02-16,7041,7,10272,2025-06-08,2024-11-10,1,Critical
2025-02-23,6425,7,10272,2025-06-08,2024-11-10,1,Critical
2025-03-02,6048,7,10272,2025-06-08,2024-11-10,1,Critical
2025-03-09,5435,7,10272,2025-06-08,2024-11-10,1,Critical
2025-03-16,5055,7,10272,2025-06-08,2024-11-10,1,Critical
2025-03-23,4433,7,10272,2025-06-08,2024-11-10,1,Critical
2022-04-03,10000,8,10000,2022-08-21,2022-04-03,2,Critical
2022-04-10,9332,8,10000,2022-08-21,2022-04-03,2,Critical
2022-04-17,8385,8,10000,2022-08-21,2022-04-03,2,Critical
2022-04-24,7755,8,10000,2022-08-21,2022-04-03,2,Critical
2022-05-01,7186,8,10000,2022-08-21,2022-04-03,2,Critical
2022-05-08,6451,8,10000,2022-08-21,2022-04-03,2,Critical
2022-05-15,5813,8,10000,2022-08-21,2022-04-03,2,Critical
2022-05-22,5008,8,10000,2022-08-21,2022-04-03,2,Critical
2022-05-29,4260,8,10000,2022-08-21,2022-04-03,2,Critical
2022-06-05,3646,8,10000,2022-08-21,2022-04-03,2,Critical
2022-06-12,2931,8,10000,2022-08-21,2022-04-03,2,Critical
2022-06-19,2088,8,10000,2022-08-21,2022-04-03,2,Critical
2022-06-26,1509,8,10000,2022-08-21,2022-04-03,2,Critical
2022-07-03,1035,8,10000,2022-08-21,2022-04-03,2,Critical
2022-07-10,694,8,10000,2022-08-21,2022-04-03,2,Critical
2022-07-17,389,8,10000,2022-08-21,2022-04-03,2,Critical
2022-07-24,145,8,10000,2022-08-21,2022-04-03,2,Critical
2022-06-26,6361,9,6361,2022-11-13,2022-06-26,2,Critical
2022-07-03,6324,9,6361,2022-11-13,2022-06-26,2,Critical
2022-07-10,6275,9,6361,2022-11-13,2022-06-26,2,Critical
2022-07-17,6214,9,6361,2022-11-13,2022-06-26,2,Critical
2022-07-24,6153,9,6361,2022-11-13,2022-06-26,2,Critical
2022-07-31,6065,9,6361,2022-11-13,2022-06-26,2,Critical
2022-08-07,5977,9,6361,2022-11-13,2022-06-26,2,Critical
2022-08-14,5907,9,6361,2022-11-13,2022-06-26,2,Critical
2022-08-21,5307,9,6361,2022-11-13,2022-06-26,2,Critical
2022-08-28,4915,9,6361,2022-11-13,2022-06-26,2,Critical
2022-09-04,4671,9,6361,2022-11-13,2022-06-26,2,Critical
2022-09-11,4143,9,6361,2022-11-13,2022-06-26,2,Critical
2022-09-18,3606,9,6361,2022-11-13,2022-06-26,2,Critical
2022-09-25,3063,9,6361,2022-11-13,2022-06-26,2,Critical
2022-10-02,2439,9,6361,2022-11-13,2022-06-26,2,Critical
2022-10-09,1965,9,6361,2022-11-13,2022-06-26,2,Critical
2022-10-16,1428,9,6361,2022-11-13,2022-06-26,2,Critical
2022-10-23,879,9,6361,2022-11-13,2022-06-26,2,Critical
2022-10-09,8761,10,8761,2023-02-26,2022-10-09,2,Critical
2022-10-16,8727,10,8761,2023-02-26,2022-10-09,2,Critical
2022-10-23,8662,10,8761,2023-02-26,2022-10-09,2,Critical
2022-10-30,8509,10,8761,2023-02-26,2022-10-09,2,Critical
2022-11-06,8388,10,8761,2023-02-26,2022-10-09,2,Critical
2022-11-13,7698,10,8761,2023-02-26,2022-10-09,2,Critical
2022-11-20,6978,10,8761,2023-02-26,2022-10-09,2,Critical
2022-11-27,6334,10,8761,2023-02-26,2022-10-09,2,Critical
2022-12-04,5549,10,8761,2023-02-26,2022-10-09,2,Critical
2022-12-11,4908,10,8761,2023-02-26,2022-10-09,2,Critical
2022-12-18,3975,10,8761,2023-02-26,2022-10-09,2,Critical
2022-12-25,3386,10,8761,2023-02-26,2022-10-09,2,Critical
2023-01-01,2973,10,8761,2023-02-26,2022-10-09,2,Critical
2023-01-08,2577,10,8761,2023-02-26,2022-10-09,2,Critical
2023-01-15,1964,10,8761,2023-02-26,2022-10-09,2,Critical
2023-01-22,1605,10,8761,2023-02-26,2022-10-09,2,Critical
2023-01-29,1365,10,8761,2023-02-26,2022-10-09,2,Critical
2023-02-05,911,10,8761,2023-02-26,2022-10-09,2,Critical
2023-02-12,715,10,8761,2023-02-26,2022-10-09,2,Critical
2023-02-19,330,10,8761,2023-02-26,2022-10-09,2,Critical
2023-01-29,7782,11,7782,2023-06-18,2023-01-29,2,Critical
2023-02-05,7755,11,7782,2023-06-18,2023-01-29,2,Critical
2023-02-12,7733,11,7782,2023-06-18,2023-01-29,2,Critical
2023-02-19,7672,11,7782,2023-06-18,2023-01-29,2,Critical
2023-02-26,7227,11,7782,2023-06-18,2023-01-29,2,Critical
2023-03-05,6840,11,7782,2023-06-18,2023-01-29,2,Critical
2023-03-12,6310,11,7782,2023-06-18,2023-01-29,2,Critical
2023-03-19,5903,11,7782,2023-06-18,2023-01-29,2,Critical
2023-03-26,4987,11,7782,2023-06-18,2023-01-29,2,Critical
2023-04-02,4422,11,7782,2023-06-18,2023-01-29,2,Critical
2023-04-09,3696,11,7782,2023-06-18,2023-01-29,2,Critical
2023-04-16,3090,11,7782,2023-06-18,2023-01-29,2,Critical
2023-04-23,2265,11,7782,2023-06-18,2023-01-29,2,Critical
2023-04-30,1787,11,7782,2023-06-18,2023-01-29,2,Critical
2023-05-07,1160,11,7782,2023-06-18,2023-01-29,2,Critical
2023-05-14,701,11,7782,2023-06-18,2023-01-29,2,Critical
2023-05-21,39,11,7782,2023-06-18,2023-01-29,2,Critical
2023-04-09,9530,12,9530,2023-08-27,2023-04-09,2,Critical
2023-04-16,9474,12,9530,2023-08-27,2023-04-09,2,Critical
2023-04-23,9336,12,9530,2023-08-27,2023-04-09,2,Critical
2023-04-30,9225,12,9530,2023-08-27,2023-04-09,2,Critical
2023-05-07,9045,12,9530,2023-08-27,2023-04-09,2,Critical
2023-05-14,8892,12,9530,2023-08-27,2023-04-09,2,Critical
2023-05-21,8643,12,9530,2023-08-27,2023-04-09,2,Critical
2023-05-28,8371,12,9530,2023-08-27,2023-04-09,2,Critical
2023-06-04,8136,12,9530,2023-08-27,2023-04-09,2,Critical
2023-06-11,7953,12,9530,2023-08-27,2023-04-09,2,Critical
2023-06-18,7419,12,9530,2023-08-27,2023-04-09,2,Critical
2023-06-25,6634,12,9530,2023-08-27,2023-04-09,2,Critical
2023-07-02,6175,12,9530,2023-08-27,2023-04-09,2,Critical
2023-07-09,5743,12,9530,2023-08-27,2023-04-09,2,Critical
2023-07-16,5368,12,9530,2023-08-27,2023-04-09,2,Critical
2023-07-23,5021,12,9530,2023-08-27,2023-04-09,2,Critical
2023-07-30,4748,12,9530,2023-08-27,2023-04-09,2,Critical
2023-08-06,4389,12,9530,2023-08-27,2023-04-09,2,Critical
2023-08-13,4132,12,9530,2023-08-27,2023-04-09,2,Critical
2023-08-20,3903,12,9530,2023-08-27,2023-04-09,2,Critical
2023-07-30,4941,13,4941,2023-12-17,2023-07-30,2,Critical
2023-08-06,4919,13,4941,2023-12-17,2023-07-30,2,Critical
2023-08-13,4890,13,4941,2023-12-17,2023-07-30,2,Critical
2023-08-20,4853,13,4941,2023-12-17,2023-07-30,2,Critical
2023-08-27,4197,13,4941,2023-12-17,2023-07-30,2,Critical
2023-09-03,3910,13,4941,2023-12-17,2023-07-30,2,Critical
2023-09-10,3590,13,4941,2023-12-17,2023-07-30,2,Critical
2023-09-17,3243,13,4941,2023-12-17,2023-07-30,2,Critical
2023-09-24,2585,13,4941,2023-12-17,2023-07-30,2,Critical
2023-10-01,2105,13,4941,2023-12-17,2023-07-30,2,Critical
2023-10-08,1666,13,4941,2023-12-17,2023-07-30,2,Critical
2023-10-15,1181,13,4941,2023-12-17,2023-07-30,2,Critical
2023-10-22,700,13,4941,2023-12-17,2023-07-30,2,Critical
2023-10-29,159,13,4941,2023-12-17,2023-07-30,2,Critical
2023-10-01,5505,14,5505,2024-02-18,2023-10-01,2,Critical
2023-10-08,5461,14,5505,2024-02-18,2023-10-01,2,Critical
2023-10-15,5372,14,5505,2024-02-18,2023-10-01,2,Critical
2023-10-22,5251,14,5505,2024-02-18,2023-10-01,2,Critical
2023-10-29,5084,14,5505,2024-02-18,2023-10-01,2,Critical
2023-11-05,4866,14,5505,2024-02-18,2023-10-01,2,Critical
2023-11-12,4639,14,5505,2024-02-18,2023-10-01,2,Critical
2023-11-19,4407,14,5505,2024-02-18,2023-10-01,2,Critical
2023-11-26,4159,14,5505,2024-02-18,2023-10-01,2,Critical
2023-12-03,3955,14,5505,2024-02-18,2023-10-01,2,Critical
2023-12-10,3689,14,5505,2024-02-18,2023-10-01,2,Critical
2023-12-17,2923,14,5505,2024-02-18,2023-10-01,2,Critical
2023-12-24,2394,14,5505,2024-02-18,2023-10-01,2,Critical
2023-12-31,1973,14,5505,2024-02-18,2023-10-01,2,Critical
2024-01-07,1658,14,5505,2024-02-18,2023-10-01,2,Critical
2024-01-14,1363,14,5505,2024-02-18,2023-10-01,2,Critical
2024-01-21,1079,14,5505,2024-02-18,2023-10-01,2,Critical
2024-01-28,850,14,5505,2024-02-18,2023-10-01,2,Critical
2024-02-04,646,14,5505,2024-02-18,2023-10-01,2,Critical
2024-02-11,451,14,5505,2024-02-18,2023-10-01,2,Critical
2023-12-17,6477,15,6477,2024-05-05,2023-12-17,2,Critical
2023-12-24,6432,15,6477,2024-05-05,2023-12-17,2,Critical
2023-12-31,6367,15,6477,2024-05-05,2023-12-17,2,Critical
2024-01-07,6299,15,6477,2024-05-05,2023-12-17,2,Critical
2024-01-14,6220,15,6477,2024-05-05,2023-12-17,2,Critical
2024-01-21,6131,15,6477,2024-05-05,2023-12-17,2,Critical
2024-01-28,6050,15,6477,2024-05-05,2023-12-17,2,Critical
2024-02-04,5970,15,6477,2024-05-05,2023-12-17,2,Critical
2024-02-11,5888,15,6477,2024-05-05,2023-12-17,2,Critical
2024-02-18,5519,15,6477,2024-05-05,2023-12-17,2,Critical
2024-02-25,5156,15,6477,2024-05-05,2023-12-17,2,Critical
2024-03-03,4792,15,6477,2024-05-05,2023-12-17,2,Critical
2024-03-10,4429,15,6477,2024-05-05,2023-12-17,2,Critical
2024-03-17,3867,15,6477,2024-05-05,2023-12-17,2,Critical
2024-03-24,3478,15,6477,2024-05-05,2023-12-17,2,Critical
2024-03-31,3043,15,6477,2024-05-05,2023-12-17,2,Critical
2024-04-07,2584,15,6477,2024-05-05,2023-12-17,2,Critical
2024-04-14,1856,15,6477,2024-05-05,2023-12-17,2,Critical
2024-04-21,1370,15,6477,2024-05-05,2023-12-17,2,Critical
2024-04-28,936,15,6477,2024-05-05,2023-12-17,2,Critical
2024-03-17,8321,16,8321,2024-08-04,2024-03-17,2,Critical
2024-03-24,8293,16,8321,2024-08-04,2024-03-17,2,Critical
2024-03-31,8235,16,8321,2024-08-04,2024-03-17,2,Critical
2024-04-07,8149,16,8321,2024-08-04,2024-03-17,2,Critical
2024-04-14,7977,16,8321,2024-08-04,2024-03-17,2,Critical
2024-04-21,7842,16,8321,2024-08-04,2024-03-17,2,Critical
2024-04-28,7704,16,8321,2024-08-04,2024-03-17,2,Critical
2024-05-05,6847,16,8321,2024-08-04,2024-03-17,2,Critical
2024-05-12,6171,16,8321,2024-08-04,2024-03-17,2,Critical
2024-05-19,5483,16,8321,2024-08-04,2024-03-17,2,Critical
2024-05-26,4810,16,8321,2024-08-04,2024-03-17,2,Critical
2024-06-02,4015,16,8321,2024-08-04,2024-03-17,2,Critical
2024-06-09,3132,16,8321,2024-08-04,2024-03-17,2,Critical
2024-06-16,2393,16,8321,2024-08-04,2024-03-17,2,Critical
2024-06-23,1831,16,8321,2024-08-04,2024-03-17,2,Critical
2024-06-30,1259,16,8321,2024-08-04,2024-03-17,2,Critical
2024-07-07,867,16,8321,2024-08-04,2024-03-17,2,Critical
2024-07-14,465,16,8321,2024-08-04,2024-03-17,2,Critical
2024-07-21,175,16,8321,2024-08-04,2024-03-17,2,Critical
2024-06-23,4002,17,4002,2024-11-10,2024-06-23,2,Critical
2024-06-30,3963,17,4002,2024-11-10,2024-06-23,2,Critical
2024-07-07,3914,17,4002,2024-11-10,2024-06-23,2,Critical
2024-07-14,3843,17,4002,2024-11-10,2024-06-23,2,Critical
2024-07-21,3778,17,4002,2024-11-10,2024-06-23,2,Critical
2024-07-28,3663,17,4002,2024-11-10,2024-06-23,2,Critical
2024-08-04,3449,17,4002,2024-11-10,2024-06-23,2,Critical
2024-08-11,2853,17,4002,2024-11-10,2024-06-23,2,Critical
2024-08-18,2465,17,4002,2024-11-10,2024-06-23,2,Critical
2024-08-25,1927,17,4002,2024-11-10,2024-06-23,2,Critical
2024-09-01,1585,17,4002,2024-11-10,2024-06-23,2,Critical
2024-09-08,1228,17,4002,2024-11-10,2024-06-23,2,Critical
2024-09-15,788,17,4002,2024-11-10,2024-06-23,2,Critical
2024-09-22,498,17,4002,2024-11-10,2024-06-23,2,Critical
2024-09-01,7265,18,7265,2025-01-19,2024-09-01,2,Critical
2024-09-08,7232,18,7265,2025-01-19,2024-09-01,2,Critical
2024-09-15,7158,18,7265,2025-01-19,2024-09-01,2,Critical
2024-09-22,7091,18,7265,2025-01-19,2024-09-01,2,Critical
2024-09-29,6940,18,7265,2025-01-19,2024-09-01,2,Critical
2024-10-06,6819,18,7265,2025-01-19,2024-09-01,2,Critical
2024-10-13,6659,18,7265,2025-01-19,2024-09-01,2,Critical
2024-10-20,6501,18,7265,2025-01-19,2024-09-01,2,Critical
2024-10-27,6325,18,7265,2025-01-19,2024-09-01,2,Critical
2024-11-03,6056,18,7265,2025-01-19,2024-09-01,2,Critical
2024-11-10,5282,18,7265,2025-01-19,2024-09-01,2,Critical
2024-11-17,4630,18,7265,2025-01-19,2024-09-01,2,Critical
2024-11-24,4004,18,7265,2025-01-19,2024-09-01,2,Critical
2024-12-01,3370,18,7265,2025-01-19,2024-09-01,2,Critical
2024-12-08,2433,18,7265,2025-01-19,2024-09-01,2,Critical
2024-12-15,1795,18,7265,2025-01-19,2024-09-01,2,Critical
2024-12-22,1336,18,7265,2025-01-19,2024-09-01,2,Critical
2024-12-29,899,18,7265,2025-01-19,2024-09-01,2,Critical
2025-01-05,330,18,7265,2025-01-19,2024-09-01,2,Critical
2024-12-08,7493,19,7493,2025-04-27,2024-12-08,2,Critical
2024-12-15,7450,19,7493,2025-04-27,2024-12-08,2,Critical
2024-12-22,7392,19,7493,2025-04-27,2024-12-08,2,Critical
2024-12-29,7314,19,7493,2025-04-27,2024-12-08,2,Critical
2025-01-05,7187,19,7493,2025-04-27,2024-12-08,2,Critical
2025-01-12,7062,19,7493,2025-04-27,2024-12-08,2,Critical
2025-01-19,6731,19,7493,2025-04-27,2024-12-08,2,Critical
2025-01-26,6034,19,7493,2025-04-27,2024-12-08,2,Critical
2025-02-02,5623,19,7493,2025-04-27,2024-12-08,2,Critical
2025-02-09,5378,19,7493,2025-04-27,2024-12-08,2,Critical
2025-02-16,4957,19,7493,2025-04-27,2024-12-08,2,Critical
2025-02-23,4642,19,7493,2025-04-27,2024-12-08,2,Critical
2025-03-02,4331,19,7493,2025-04-27,2024-12-08,2,Critical
2025-03-09,3877,19,7493,2025-04-27,2024-12-08,2,Critical
2025-03-16,3256,19,7493,2025-04-27,2024-12-08,2,Critical
2025-03-23,2878,19,7493,2025-04-27,2024-12-08,2,Critical
2022-04-03,5000,20,5000,2023-05-28,2022-04-03,3,Not-Critical
2022-04-10,4870,20,5000,2023-05-28,2022-04-03,3,Not-Critical
2022-04-17,4776,20,5000,2023-05-28,2022-04-03,3,Not-Critical
2022-04-24,4659,20,5000,2023-05-28,2022-04-03,3,Not-Critical
2022-05-01,4559,20,5000,2023-05-28,2022-04-03,3,Not-Critical
2022-05-08,4425,20,5000,2023-05-28,2022-04-03,3,Not-Critical
2022-05-15,4352,20,5000,2023-05-28,2022-04-03,3,Not-Critical
2022-05-22,4294,20,5000,2023-05-28,2022-04-03,3,Not-Critical
2022-05-29,4259,20,5000,2023-05-28,2022-04-03,3,Not-Critical
2022-06-05,4228,20,5000,2023-05-28,2022-04-03,3,Not-Critical
2022-06-12,4093,20,5000,2023-05-28,2022-04-03,3,Not-Critical
2022-06-19,4030,20,5000,2023-05-28,2022-04-03,3,Not-Critical
2022-06-26,3971,20,5000,2023-05-28,2022-04-03,3,Not-Critical
2022-07-03,3859,20,5000,2023-05-28,2022-04-03,3,Not-Critical
2022-07-10,3765,20,5000,2023-05-28,2022-04-03,3,Not-Critical
2022-07-17,3607,20,5000,2023-05-28,2022-04-03,3,Not-Critical
2022-07-24,3475,20,5000,2023-05-28,2022-04-03,3,Not-Critical
2022-07-31,3342,20,5000,2023-05-28,2022-04-03,3,Not-Critical
2022-08-07,3212,20,5000,2023-05-28,2022-04-03,3,Not-Critical
2022-08-14,3146,20,5000,2023-05-28,2022-04-03,3,Not-Critical
2022-08-21,3097,20,5000,2023-05-28,2022-04-03,3,Not-Critical
2022-08-28,3009,20,5000,2023-05-28,2022-04-03,3,Not-Critical
2022-09-04,2991,20,5000,2023-05-28,2022-04-03,3,Not-Critical
2022-09-11,2970,20,5000,2023-05-28,2022-04-03,3,Not-Critical
2022-09-18,2935,20,5000,2023-05-28,2022-04-03,3,Not-Critical
2022-09-25,2845,20,5000,2023-05-28,2022-04-03,3,Not-Critical
2022-10-02,2735,20,5000,2023-05-28,2022-04-03,3,Not-Critical
2022-10-09,2626,20,5000,2023-05-28,2022-04-03,3,Not-Critical
2022-10-16,2507,20,5000,2023-05-28,2022-04-03,3,Not-Critical
2022-10-23,2376,20,5000,2023-05-28,2022-04-03,3,Not-Critical
2022-10-30,2252,20,5000,2023-05-28,2022-04-03,3,Not-Critical
2022-11-06,2151,20,5000,2023-05-28,2022-04-03,3,Not-Critical
2022-11-13,2076,20,5000,2023-05-28,2022-04-03,3,Not-Critical
2022-11-20,1943,20,5000,2023-05-28,2022-04-03,3,Not-Critical
2022-11-27,1913,20,5000,2023-05-28,2022-04-03,3,Not-Critical
2022-12-04,1900,20,5000,2023-05-28,2022-04-03,3,Not-Critical
2022-12-11,1895,20,5000,2023-05-28,2022-04-03,3,Not-Critical
2022-12-18,1860,20,5000,2023-05-28,2022-04-03,3,Not-Critical
2022-12-25,1784,20,5000,2023-05-28,2022-04-03,3,Not-Critical
2023-01-01,1697,20,5000,2023-05-28,2022-04-03,3,Not-Critical
2023-01-08,1573,20,5000,2023-05-28,2022-04-03,3,Not-Critical
2023-01-15,1458,20,5000,2023-05-28,2022-04-03,3,Not-Critical
2023-01-22,1350,20,5000,2023-05-28,2022-04-03,3,Not-Critical
2023-01-29,1235,20,5000,2023-05-28,2022-04-03,3,Not-Critical
2023-02-05,1101,20,5000,2023-05-28,2022-04-03,3,Not-Critical
2023-02-12,1023,20,5000,2023-05-28,2022-04-03,3,Not-Critical
2023-02-19,931,20,5000,2023-05-28,2022-04-03,3,Not-Critical
2023-02-26,908,20,5000,2023-05-28,2022-04-03,3,Not-Critical
2023-03-05,850,20,5000,2023-05-28,2022-04-03,3,Not-Critical
2023-03-12,781,20,5000,2023-05-28,2022-04-03,3,Not-Critical
2023-03-19,736,20,5000,2023-05-28,2022-04-03,3,Not-Critical
2023-03-26,681,20,5000,2023-05-28,2022-04-03,3,Not-Critical
2023-04-02,583,20,5000,2023-05-28,2022-04-03,3,Not-Critical
2023-04-09,435,20,5000,2023-05-28,2022-04-03,3,Not-Critical
2023-04-16,273,20,5000,2023-05-28,2022-04-03,3,Not-Critical
2023-04-23,147,20,5000,2023-05-28,2022-04-03,3,Not-Critical
2023-04-30,27,20,5000,2023-05-28,2022-04-03,3,Not-Critical
2023-04-09,2514,21,2514,2024-06-02,2023-04-09,3,Not-Critical
2023-04-16,2511,21,2514,2024-06-02,2023-04-09,3,Not-Critical
2023-04-23,2506,21,2514,2024-06-02,2023-04-09,3,Not-Critical
2023-04-30,2499,21,2514,2024-06-02,2023-04-09,3,Not-Critical
2023-05-07,2486,21,2514,2024-06-02,2023-04-09,3,Not-Critical
2023-05-14,2473,21,2514,2024-06-02,2023-04-09,3,Not-Critical
2023-05-21,2460,21,2514,2024-06-02,2023-04-09,3,Not-Critical
2023-05-28,2427,21,2514,2024-06-02,2023-04-09,3,Not-Critical
2023-06-04,2408,21,2514,2024-06-02,2023-04-09,3,Not-Critical
2023-06-11,2401,21,2514,2024-06-02,2023-04-09,3,Not-Critical
2023-06-18,2388,21,2514,2024-06-02,2023-04-09,3,Not-Critical
2023-06-25,2290,21,2514,2024-06-02,2023-04-09,3,Not-Critical
2023-07-02,2196,21,2514,2024-06-02,2023-04-09,3,Not-Critical
2023-07-09,2051,21,2514,2024-06-02,2023-04-09,3,Not-Critical
2023-07-16,1849,21,2514,2024-06-02,2023-04-09,3,Not-Critical
2023-07-23,1614,21,2514,2024-06-02,2023-04-09,3,Not-Critical
2023-07-30,1464,21,2514,2024-06-02,2023-04-09,3,Not-Critical
2023-08-06,1357,21,2514,2024-06-02,2023-04-09,3,Not-Critical
2023-08-13,1248,21,2514,2024-06-02,2023-04-09,3,Not-Critical
2023-08-20,1187,21,2514,2024-06-02,2023-04-09,3,Not-Critical
2023-08-27,1120,21,2514,2024-06-02,2023-04-09,3,Not-Critical
2023-09-03,1112,21,2514,2024-06-02,2023-04-09,3,Not-Critical
2023-09-10,1000,21,2514,2024-06-02,2023-04-09,3,Not-Critical
2023-09-17,976,21,2514,2024-06-02,2023-04-09,3,Not-Critical
2023-09-24,907,21,2514,2024-06-02,2023-04-09,3,Not-Critical
2023-10-01,847,21,2514,2024-06-02,2023-04-09,3,Not-Critical
2023-10-08,740,21,2514,2024-06-02,2023-04-09,3,Not-Critical
2023-10-15,632,21,2514,2024-06-02,2023-04-09,3,Not-Critical
2023-10-22,523,21,2514,2024-06-02,2023-04-09,3,Not-Critical
2023-10-29,423,21,2514,2024-06-02,2023-04-09,3,Not-Critical
2023-11-05,283,21,2514,2024-06-02,2023-04-09,3,Not-Critical
2023-11-12,184,21,2514,2024-06-02,2023-04-09,3,Not-Critical
2023-11-19,102,21,2514,2024-06-02,2023-04-09,3,Not-Critical
2023-11-26,47,21,2514,2024-06-02,2023-04-09,3,Not-Critical
2023-12-03,9,21,2514,2024-06-02,2023-04-09,3,Not-Critical
2023-10-29,4373,22,4373,2024-12-22,2023-10-29,3,Not-Critical
2023-11-05,4368,22,4373,2024-12-22,2023-10-29,3,Not-Critical
2023-11-12,4361,22,4373,2024-12-22,2023-10-29,3,Not-Critical
2023-11-19,4353,22,4373,2024-12-22,2023-10-29,3,Not-Critical
2023-11-26,4346,22,4373,2024-12-22,2023-10-29,3,Not-Critical
2023-12-03,4340,22,4373,2024-12-22,2023-10-29,3,Not-Critical
2023-12-10,4327,22,4373,2024-12-22,2023-10-29,3,Not-Critical
2023-12-17,4320,22,4373,2024-12-22,2023-10-29,3,Not-Critical
2023-12-24,4309,22,4373,2024-12-22,2023-10-29,3,Not-Critical
2023-12-31,4295,22,4373,2024-12-22,2023-10-29,3,Not-Critical
2024-01-07,4268,22,4373,2024-12-22,2023-10-29,3,Not-Critical
2024-01-14,4243,22,4373,2024-12-22,2023-10-29,3,Not-Critical
2024-01-21,4202,22,4373,2024-12-22,2023-10-29,3,Not-Critical
2024-01-28,4179,22,4373,2024-12-22,2023-10-29,3,Not-Critical
2024-02-04,4155,22,4373,2024-12-22,2023-10-29,3,Not-Critical
2024-02-11,4137,22,4373,2024-12-22,2023-10-29,3,Not-Critical
2024-02-18,4111,22,4373,2024-12-22,2023-10-29,3,Not-Critical
2024-02-25,4097,22,4373,2024-12-22,2023-10-29,3,Not-Critical
2024-03-03,4089,22,4373,2024-12-22,2023-10-29,3,Not-Critical
2024-03-10,4080,22,4373,2024-12-22,2023-10-29,3,Not-Critical
2024-03-17,4077,22,4373,2024-12-22,2023-10-29,3,Not-Critical
2024-03-24,4048,22,4373,2024-12-22,2023-10-29,3,Not-Critical
2024-03-31,4029,22,4373,2024-12-22,2023-10-29,3,Not-Critical
2024-04-07,4006,22,4373,2024-12-22,2023-10-29,3,Not-Critical
2024-04-14,3952,22,4373,2024-12-22,2023-10-29,3,Not-Critical
2024-04-21,3902,22,4373,2024-12-22,2023-10-29,3,Not-Critical
2024-04-28,3866,22,4373,2024-12-22,2023-10-29,3,Not-Critical
2024-05-05,3814,22,4373,2024-12-22,2023-10-29,3,Not-Critical
2024-05-12,3777,22,4373,2024-12-22,2023-10-29,3,Not-Critical
2024-05-19,3725,22,4373,2024-12-22,2023-10-29,3,Not-Critical
2024-05-26,3717,22,4373,2024-12-22,2023-10-29,3,Not-Critical
2024-06-02,3688,22,4373,2024-12-22,2023-10-29,3,Not-Critical
2024-06-09,3647,22,4373,2024-12-22,2023-10-29,3,Not-Critical
2024-06-16,3633,22,4373,2024-12-22,2023-10-29,3,Not-Critical
2024-06-23,3534,22,4373,2024-12-22,2023-10-29,3,Not-Critical
2024-06-30,3478,22,4373,2024-12-22,2023-10-29,3,Not-Critical
2024-07-07,3389,22,4373,2024-12-22,2023-10-29,3,Not-Critical
2024-07-14,3278,22,4373,2024-12-22,2023-10-29,3,Not-Critical
2024-07-21,3131,22,4373,2024-12-22,2023-10-29,3,Not-Critical
2024-07-28,2995,22,4373,2024-12-22,2023-10-29,3,Not-Critical
2024-08-04,2902,22,4373,2024-12-22,2023-10-29,3,Not-Critical
2024-08-11,2803,22,4373,2024-12-22,2023-10-29,3,Not-Critical
2024-08-18,2711,22,4373,2024-12-22,2023-10-29,3,Not-Critical
2024-08-25,2661,22,4373,2024-12-22,2023-10-29,3,Not-Critical
2024-09-01,2587,22,4373,2024-12-22,2023-10-29,3,Not-Critical
2024-09-08,2527,22,4373,2024-12-22,2023-10-29,3,Not-Critical
2024-09-15,2462,22,4373,2024-12-22,2023-10-29,3,Not-Critical
2024-09-22,2412,22,4373,2024-12-22,2023-10-29,3,Not-Critical
2024-09-29,2258,22,4373,2024-12-22,2023-10-29,3,Not-Critical
2024-10-06,2148,22,4373,2024-12-22,2023-10-29,3,Not-Critical
2024-10-13,2048,22,4373,2024-12-22,2023-10-29,3,Not-Critical
2024-10-20,1922,22,4373,2024-12-22,2023-10-29,3,Not-Critical
2024-10-27,1786,22,4373,2024-12-22,2023-10-29,3,Not-Critical
2024-11-03,1645,22,4373,2024-12-22,2023-10-29,3,Not-Critical
2024-11-10,1554,22,4373,2024-12-22,2023-10-29,3,Not-Critical
2024-11-17,1432,22,4373,2024-12-22,2023-10-29,3,Not-Critical
2024-11-24,1401,22,4373,2024-12-22,2023-10-29,3,Not-Critical
2024-12-01,1336,22,4373,2024-12-22,2023-10-29,3,Not-Critical
2024-12-08,1298,22,4373,2024-12-22,2023-10-29,3,Not-Critical
2024-12-15,1247,22,4373,2024-12-22,2023-10-29,3,Not-Critical
2024-11-17,4800,23,4800,2026-01-11,2024-11-17,3,Not-Critical
2024-11-24,4799,23,4800,2026-01-11,2024-11-17,3,Not-Critical
2024-12-01,4796,23,4800,2026-01-11,2024-11-17,3,Not-Critical
2024-12-08,4794,23,4800,2026-01-11,2024-11-17,3,Not-Critical
2024-12-15,4790,23,4800,2026-01-11,2024-11-17,3,Not-Critical
2024-12-22,4675,23,4800,2026-01-11,2024-11-17,3,Not-Critical
2024-12-29,4602,23,4800,2026-01-11,2024-11-17,3,Not-Critical
2025-01-05,4466,23,4800,2026-01-11,2024-11-17,3,Not-Critical
2025-01-12,4342,23,4800,2026-01-11,2024-11-17,3,Not-Critical
2025-01-19,4237,23,4800,2026-01-11,2024-11-17,3,Not-Critical
2025-01-26,4115,23,4800,2026-01-11,2024-11-17,3,Not-Critical
2025-02-02,3992,23,4800,2026-01-11,2024-11-17,3,Not-Critical
2025-02-09,3926,23,4800,2026-01-11,2024-11-17,3,Not-Critical
2025-02-16,3855,23,4800,2026-01-11,2024-11-17,3,Not-Critical
2025-02-23,3786,23,4800,2026-01-11,2024-11-17,3,Not-Critical
2025-03-02,3743,23,4800,2026-01-11,2024-11-17,3,Not-Critical
2025-03-09,3718,23,4800,2026-01-11,2024-11-17,3,Not-Critical
2025-03-16,3663,23,4800,2026-01-11,2024-11-17,3,Not-Critical
2025-03-23,3573,23,4800,2026-01-11,2024-11-17,3,Not-Critical
